                  epoch,         train/box_loss,         train/cls_loss,         train/dfl_loss,   metrics/precision(B),      metrics/recall(B),       metrics/mAP50(B),    metrics/mAP50-95(B),           val/box_loss,           val/cls_loss,           val/dfl_loss,                 lr/pg0,                 lr/pg1,                 lr/pg2
                      1,                 1.5137,                 2.7375,                 1.5441,                0.38375,                 0.5844,                0.41831,                0.23616,                 1.3466,                 1.6889,                   1.45,             0.00033294,             0.00033294,             0.00033294
                      2,                  1.441,                 1.8774,                 1.4574,                0.43948,                0.61127,                0.49356,                0.29794,                 1.2921,                 1.4819,                  1.393,             0.00064978,             0.00064978,             0.00064978
                      3,                 1.4361,                 1.6993,                  1.449,                0.47332,                0.59423,                0.51245,                0.31357,                 1.2799,                 1.4055,                 1.3744,             0.00095012,             0.00095012,             0.00095012
                      4,                 1.4031,                 1.6059,                 1.4196,                0.48317,                0.65993,                0.56873,                0.36251,                 1.2266,                 1.2535,                  1.341,             0.00092575,             0.00092575,             0.00092575
